lang,key,value
en,how_to_use,"# How to use"
es,how_to_use,"# C√≥mo se usa"
en,how_to_use_explain,"
    1. Select the `json` file containing the transformation rules.
        - For further instructions on how to create the file click the **_Project description_** tab.
    1. Enter the term you want to transform and hit `enter`.
    1. Click on a word to see its chain of transformations.
        - **_Include intermediate terms_** shows all intermediate steps of the term transformation, not only the final result.
        - If a result term can be obtained through several chains of transformations, only the transformations of the first chain found will be shown."
es,how_to_use_explain,"
    1. Elige el archivo `json` que contiene las reglas de las transformaciones.
        - Para instrucciones detalladas sobre c√≥mo crear el archivo haz clic en la pesta√±a **_Descripci√≥n del proyecto_**.
    1. Introduce el t√©rmino que quieras transformar y pulsa `intro`.
    1. Haz clic en una palabra para comprobar su cadena transformaciones.
        - **_Incluir los t√©rminos intermedios_** muestra todos los pasos intermedios de la transformaci√≥n del t√©rmino, no √∫nicamente el resultado final.
        - Si un t√©rmino resultado se puede obtener a trav√©s de distintas cadenas de transformaciones, s√≥lo se mostrar√°n las transformaciones de la primera cadena encontrada."
en,tool,"‚öôÔ∏è **Tool**"
es,tool,"‚öôÔ∏è **Herramienta**"
en,pj_desc,"üìÑ **Project description**"
es,pj_desc,"üìÑ **Descripci√≥n el proyecto**"
en,upload_text,"### 1. Upload the transformations file or select an existing one"
es,upload_text,"### 1. Sube el archivo de transformaciones o elige uno existente"
en,upload_options,"Choose a sample file or upload one of your own."
es,upload_options,"Elige un archivo de muestra o sube el tuyo propio."
en,use_sample,"sample.json (demonstration)"
es,use_sample,"sample.json (demostraci√≥n)"
en,use_la_es,"LA_ES.json (Latin > Spanish)"
es,use_la_es,"LA_ES.json (lat√≠n > espa√±ol)"
en,use_es_ipa,"ES_IPA.json (Spanish > International Phonetic Alphabet)"
es,use_es_ipa,"ES_IPA.json (espa√±ol > Alfabeto Fon√©tico Internacional)"
en,upload_own,"‚¨ÜÔ∏è Upload a file..."
es,upload_own,"‚¨ÜÔ∏è Subir un archivo..."
en,upload_desc,"Upload the `json` file containing the transformations."
es,upload_desc,"Sube el archivo `json` que contiene las transformaciones."
en,enter_text,"### 2. Enter the term to transform"
es,enter_text,"### 2. Introduce el t√©rmino a transformar"
en,explain_sample,"This example illustrates the transformation of the Latin term **`l√≠tteram`**. (The accent mark is used to indicate the stressed vowel)."
es,explain_sample,"Este ejemplo ilustra la transformaci√≥n del t√©rmino latino **`l√≠tteram`**. (La tilde marca la vocal t√≥nica)."
en,explain_LA_ES,"- The rules used for this transformation have been extracted from ""_[Verba. Ejercicios de etimolog√≠a
latina](https://www.unex.es/organizacion/gobierno/vicerrectorados/vicealumn/funciones/car_20050411_001/coordinacion-ebau-2022-23/materias/latin-ii-1/leyes_evolucion_fonetica_modif_.pdf)_"" (PDF). However, not all rules have been implemented for this demonstration.
- Use the accent mark to denote the stressed vowel in Latin."
es,explain_LA_ES,"- Las reglas para esta transformaci√≥n se han extraido de ¬´_[Verba. Ejercicios de etimolog√≠a
latina](https://www.unex.es/organizacion/gobierno/vicerrectorados/vicealumn/funciones/car_20050411_001/coordinacion-ebau-2022-23/materias/latin-ii-1/leyes_evolucion_fonetica_modif_.pdf)_¬ª (PDF). No obstante, no todas las reglas han sido implementadas para esta demostraci√≥n.
- Usa la tilde para denotar la vocal t√≥nica latina."
en,explain_ES_IPA,"- The transformation is based on Spanish general rules of conversion of orthography to pronunciation and does not make an exhaustive analysis of syllable division nor accounts for exceptions.
- Allophones are included for reference."
es,explain_ES_IPA,"- La transformaci√≥n se basa en reglas generales de conversi√≥n de ortograf√≠a a pronunciaci√≥n y no hace un an√°lisis exhaustivo de la divisi√≥n en s√≠labas ni atiende a excepciones.
- Se incluyen al√≥fonos."
en,explain_ref,""
es,explain_ref,""
en,text_input,"Term:"
es,text_input,"T√©rmino:"
en,placeholder,"my_term"
es,placeholder,"mi_t√©rmino"
en,interm_check,"Include intermediate terms."
es,interm_check,"Incluir los t√©rminos intermedios."
en,trans_result,"### 3. Transformation results"
es,trans_result,"### 3. Resultados de la transformaci√≥n"
en,chain_result,"Chain of transformations for term:"
es,chain_result,"Cadena de transformaciones para el t√©rmino:"
en,col1,"Step"
es,col1,"Paso"
en,col2,"Rule name"
es,col2,"Nombre de la regla"
en,col3,"Rule"
es,col3,"Regla"
en,col4,"Input"
es,col4,"Entrada"
en,col5,"Output"
es,col5,"Salida"
en,check_json,"### (Optional) Review the `json` file content"
es,check_json,"### (Opcional) Comprueba el contenido del archivo `json`"
en,json_content,"Expand the content of the file "
es,json_content,"Expandir el contenido del archivo "
en,download_json,"Download "
es,download_json,"Descargar "
